{
  "InternalEnabled": false,
  "SpitterConfig": [
    {
      "LevelLayoutID": 0,
      "InternalEnabled": false,
      "GlowColor": {
        "X": 0.0500000007,
        "Y": 0.5,
        "Z": 0.375
      },
      "DangerColor": {
        "X": 0.200000003,
        "Y": 0.100000001,
        "Z": 0
      },
      "StartGlowColor": {
        "X": 0.0299999993,
        "Y": 0.300000012,
        "Z": 0.224999994
      },
      "RetractedMinScale": {
        "X": 0.800000012,
        "Y": 0.699999988,
        "Z": 0.800000012
      },
      "ScaleMulti": 1,
      "ExpandSpeedMulti": 1,
      "RetractSpeedMulti": 1,
      "LightRetractSpeedMulti": 1,
      "SoundEventPreSpit": 3688585605,
      "SoundEventFoamed": 443010049,
      "SoundEventScared": 1800579437,
      "SoundEventPrimed": 1580085442,
      "SoundEventOut": 483235199,
      "SoundEventPurrLoop": 1548233641,
      "SoundEventIn": 600057560,
      "SoundEventPurrStop": 3829473415,
      "SoundEventSpit": 3124402583,
      "SoundEventReleasedFromFoam": 990281653
    }
  ]
}