{
  "ItemID": 130,
  "PulseRate": 1,
  "Max": {
    "Red": 0.800000012,
    "Green": 0.800000012,
    "Blue": 0.800000012
  },
  "Min": {
    "Red": 0.400000006,
    "Green": 0.400000006,
    "Blue": 0.400000006
  },
  "ToggleLevelLight": true,
  "internalEnabled": false
}